0,nan,nan,nan,nan,nan,nan,nan,nan,nan
1,nan,nan,nan,nan,nan,nan,nan,nan,nan
2,1,8,45.600000000000001421,8,45.600000000000001421,0,0,8,45.600000000000001421
3,1,2,45.600000000000001421,2,45.600000000000001421,0,0,2,45.600000000000001421
4,nan,nan,nan,nan,nan,nan,nan,nan,nan
5,2,30,45.600000000000001421,20,45.600000000000001421,5,0,50,91.200000000000002842
6,nan,nan,nan,nan,nan,nan,nan,nan,nan
7,nan,nan,nan,nan,nan,nan,nan,nan,nan
8,nan,nan,nan,nan,nan,nan,nan,nan,nan
