0,nan,nan,nan,nan,nan,nan,nan,nan,nan
1,nan,nan,nan,nan,nan,nan,nan,nan,nan
2,1,60,123.79000000000000625,60,123.79000000000000625,0,0,60,123.79000000000000625
3,nan,nan,nan,nan,nan,nan,nan,nan,nan
4,nan,nan,nan,nan,nan,nan,nan,nan,nan
5,1,14,123.79000000000000625,14,123.79000000000000625,0,0,14,123.79000000000000625
6,3,50,123.79000000000000625,2,123.79000000000000625,20.997399999999998954,0,62,371.37000000000000455
7,nan,nan,nan,nan,nan,nan,nan,nan,nan
8,1,60,123.79000000000000625,60,123.79000000000000625,0,0,60,123.79000000000000625
