0,nan,nan,nan,nan,nan,nan,nan,nan,nan
1,1,1,25.890000000000000568,1,25.890000000000000568,0,0,1,25.890000000000000568
2,nan,nan,nan,nan,nan,nan,nan,nan,nan
3,nan,nan,nan,nan,nan,nan,nan,nan,nan
4,1,30,25.890000000000000568,30,25.890000000000000568,0,0,30,25.890000000000000568
5,nan,nan,nan,nan,nan,nan,nan,nan,nan
6,nan,nan,nan,nan,nan,nan,nan,nan,nan
7,1,15,25.890000000000000568,15,25.890000000000000568,0,0,15,25.890000000000000568
8,nan,nan,nan,nan,nan,nan,nan,nan,nan
