0,nan,nan,nan,nan,nan,nan,nan,nan,nan
1,nan,nan,nan,nan,nan,nan,nan,nan,nan
2,1,2,32.799999999999997158,2,32.799999999999997158,0,0,2,32.799999999999997158
3,1,20,32.799999999999997158,20,32.799999999999997158,0,0,20,32.799999999999997158
4,nan,nan,nan,nan,nan,nan,nan,nan,nan
5,nan,nan,nan,nan,nan,nan,nan,nan,nan
6,nan,nan,nan,nan,nan,nan,nan,nan,nan
7,nan,nan,nan,nan,nan,nan,nan,nan,nan
8,1,70,32.799999999999997158,70,32.799999999999997158,0,0,70,32.799999999999997158
