0,nan,nan,nan,nan,nan,nan,nan,nan,nan
1,1,40,43.899999999999998579,40,43.899999999999998579,0,0,40,43.899999999999998579
2,nan,nan,nan,nan,nan,nan,nan,nan,nan
3,nan,nan,nan,nan,nan,nan,nan,nan,nan
4,1,35,43.899999999999998579,35,43.899999999999998579,0,0,35,43.899999999999998579
5,1,10,43.899999999999998579,10,43.899999999999998579,0,0,10,43.899999999999998579
6,1,20,43.899999999999998579,20,43.899999999999998579,0,0,20,43.899999999999998579
7,nan,nan,nan,nan,nan,nan,nan,nan,nan
8,2,30,43.899999999999998579,12,43.899999999999998579,9,0,42,87.799999999999997158
