0,nan,nan,nan,nan,nan,nan,nan,nan,nan
1,1,10,34.799999999999997158,10,34.799999999999997158,0,0,10,34.799999999999997158
2,nan,nan,nan,nan,nan,nan,nan,nan,nan
3,2,50,34.799999999999997158,16,34.799999999999997158,17,0,66,69.599999999999994316
4,1,5,34.799999999999997158,5,34.799999999999997158,0,0,5,34.799999999999997158
5,2,20,34.799999999999997158,2,34.799999999999997158,9,0,22,69.599999999999994316
6,nan,nan,nan,nan,nan,nan,nan,nan,nan
7,1,35,34.799999999999997158,35,34.799999999999997158,0,0,35,34.799999999999997158
8,nan,nan,nan,nan,nan,nan,nan,nan,nan
